"","Month","Method","Consumer-EU-Sales","Consumer-EU-Quantity","Consumer-APAC-Sales","Consumer-APAC-Quantity"
"1",49,"Classical Decomposition",62252.9688337866,697.773967942499,49717.1007897434,766.452948612092
"2",50,"Classical Decomposition",61033.1320632773,634.997452751893,44433.3761942376,659.014299222927
"3",51,"Classical Decomposition",59042.4811341462,610.43106424548,39283.8006079111,575.437499003203
"4",52,"Classical Decomposition",57575.8322685815,659.545857361736,37150.3323229502,493.349879981637
"5",53,"Classical Decomposition",58050.2490637789,799.228817759096,39718.7297777261,414.26103158266
"6",54,"Classical Decomposition",61598.3491592197,1018.21899636765,46435.2141490242,424.943553061429
